{
  "store": 1,
  "dept": 1,
  "elasticity": -1.5451324993092799,
  "promo_uplift": 0.3262010154315744
}